Make,Model_Name,Model_StartYear,Model_EndYear,Model_Link
Make,Model_Name,Model_StartYear,Model_EndYear,Model_Link
Citroen,Citroen 2 CV,1949,1990,/model/citroen/2_cv.html
Citroen,Citroen 2 CV Prototype (TPV),1939,1939,/model/citroen/2_cv_prototype.html
Citroen,Citroen 5 CV,1921,1921,/model/citroen/c_5cv.html
Citroen,Citroen A 4x4,1981,1985,/model/citroen/a_4x4.html
Citroen,Citroen Acadiane,1978,1987,/model/citroen/acadiane.html
Citroen,Citroen Ami,1961,1978,/model/citroen/ami.html
Citroen,Citroen AX,1986,1998,/model/citroen/ax.html
Citroen,Citroen Axel,1984,1990,/model/citroen/axel.html
Citroen,Citroen Berlingo 1st generation,1996,2010,/model/citroen/berlingo_1gen.html
Citroen,Citroen Berlingo 2nd generation,2008,2018,/model/citroen/berlingo_2gen.html
Citroen,Citroen BX,1982,1994,/model/citroen/bx.html
Citroen,Citroen BX 4 TC,1985,1985,/model/citroen/bx_4tc.html
Citroen,Citroen C-10 Concept,1958,1958,/model/citroen/c-10_prototype.html
Citroen,Citroen C-Airplay Concept,2005,2005,/model/citroen/c-airplay.html
Citroen,Citroen C-Crosser,2006,2012,/model/citroen/c-crosser_1gen.html
Citroen,Citroen C-Elysee,2013,,/model/citroen/c-elysee.html
Citroen,Citroen C-Zero,2011,2020,/model/citroen/c-zero.html
Citroen,Citroen C1 1st generation,2005,2014,/model/citroen/c1_1gen.html
Citroen,Citroen C1 2nd generation,2014,,/model/citroen/c1_2gen.html
Citroen,Citroen C2,2003,2009,/model/citroen/c2_1gen.html
Citroen,Citroen C3 1st generation,2001,2010,/model/citroen/c3_1gen.html
Citroen,Citroen C3 2nd generation,2009,2016,/model/citroen/c3_2gen.html
Citroen,Citroen C3 3rd generation,2016,,/model/citroen/c3_3gen.html
Citroen,Citroen C3 Aircross,2017,,/model/citroen/c3_aircross.html
Citroen,Citroen C3 Picasso,2008,2017,/model/citroen/c3_picasso_1gen.html
Citroen,Citroen C3 Pluriel,2003,2010,/model/citroen/c3_pluriel.html
Citroen,Citroen C4 1st generation,2004,2011,/model/citroen/c4_1gen.html
Citroen,Citroen C4 2nd generation,2011,2017,/model/citroen/c4_2gen.html
Citroen,Citroen C4 3rd generation,2020,,/model/citroen/c4_3gen.html
Citroen,Citroen C4 Aircross,2012,2017,/model/citroen/c4_aircross.html
Citroen,Citroen C4 Cactus,2014,2020,/model/citroen/c4_cactus.html
Citroen,Citroen C4 Picasso 1st generation,2006,2013,/model/citroen/c4_picasso_1gen.html
Citroen,Citroen C4 Picasso 2nd generation,2013,2018,/model/citroen/c4_picasso_2gen.html
Citroen,Citroen C4 Spacetourer,2018,,/model/citroen/c4_spacetourer.html
Citroen,Citroen C5 1st generation,2000,2008,/model/citroen/c5_1gen.html
Citroen,Citroen C5 2nd generation,2008,2017,/model/citroen/c5_2gen.html
Citroen,Citroen C5 Aircross,2018,,/model/citroen/c5_aircross.html
Citroen,Citroen C6,2005,2013,/model/citroen/c6_1gen.html
Citroen,Citroen C8,2002,2014,/model/citroen/c8_1gen.html
Citroen,Citroen CX,1974,1991,/model/citroen/cx.html
Citroen,Citroen DS Wild Rubis,2013,2013,/model/citroen/ds_wild_rubis.html
Citroen,Citroen DS-ID,1955,1975,/model/citroen/ds_id.html
Citroen,Citroen DS3,2010,2015,/model/citroen/ds3_1gen.html
Citroen,Citroen DS4,2011,2015,/model/citroen/ds4_1gen.html
Citroen,Citroen DS5,2012,2015,/model/citroen/ds5_1gen.html
Citroen,Citroen Dyane,1967,1983,/model/citroen/dyane.html
Citroen,Citroen E-Mehari,2016,2019,/model/citroen/e-mehari.html
Citroen,Citroen Eco 2000 Concept,1984,1984,/model/citroen/eco_2000_prototype.html
Citroen,Citroen Eole Concept,1985,1985,/model/citroen/eole_prototype.html
Citroen,Citroen Evasion,1994,2002,/model/citroen/evasion.html
Citroen,Citroen FAF,1978,1985,/model/citroen/faf.html
Citroen,Citroen GS-GSA,1970,1986,/model/citroen/gs_gsa.html
Citroen,Citroen Jumper-Relay 2nd generation,2006,,/model/citroen/jumper_2gen.html
Citroen,Citroen Jumpy-Dispatch 2nd generation,2007,2016,/model/citroen/jumpy_2gen.html
Citroen,Citroen Karin Concept,1980,1980,/model/citroen/karin_prototype.html
Citroen,Citroen Lacoste Concept,2010,2010,/model/citroen/lacoste_concept.html
Citroen,Citroen LN-LNA,1975,1986,/model/citroen/ln_lna.html
Citroen,Citroen M-35,1970,1971,/model/citroen/m-35.html
Citroen,Citroen Mehari,1968,1987,/model/citroen/mehari.html
Citroen,Citroen Metropolis Concept,2010,2010,/model/citroen/metropolis_concept.html
Citroen,Citroen Nemo,2007,2016,/model/citroen/nemo_1gen.html
Citroen,Citroen SA-103 Concept,1981,1981,/model/citroen/sa-103_prototype.html
Citroen,Citroen SA-109 Concept,1984,1984,/model/citroen/sa-109_prototype.html
Citroen,Citroen SA-117 Concept,1982,1982,/model/citroen/sa-117_prototype.html
Citroen,Citroen Saxo,1996,2003,/model/citroen/saxo.html
Citroen,Citroen SM,1970,1975,/model/citroen/sm.html
Citroen,Citroen Survolt Concept,2010,2010,/model/citroen/survolt_concept.html
Citroen,Citroen Traction Avant,1934,1957,/model/citroen/traction_avant.html
Citroen,Citroen Visa,1978,1988,/model/citroen/visa.html
Citroen,Citroen Xanthia Concept,1986,1986,/model/citroen/xanthia_prototype.html
Citroen,Citroen Xantia,1993,2002,/model/citroen/xantia.html
Citroen,Citroen XM,1989,2000,/model/citroen/xm.html
Citroen,Citroen Xsara,1997,2005,/model/citroen/xsara.html
Citroen,Citroen Xsara Picasso,1999,2010,/model/citroen/xsara_picasso.html
Citroen,Citroen Zabrus Concept,1986,1986,/model/citroen/zabrus_prototype.html
Citroen,Citroen ZX,1991,1997,/model/citroen/zx.html
Fiat,Fiat 1100 A-E,1939,1953,/model/fiat/1100_a-e.html
Fiat,Fiat 1100 ES Pininfarina,1950,1951,/model/fiat/1100_es.html
Fiat,Fiat 1100 S,1947,1950,/model/fiat/1100_s.html
Fiat,Fiat 1100 Zagato,1950,1950,/model/fiat/1100_zagato_coupe.html
Fiat,Fiat 1100-1200 (model 103) Berlina-Familiare,1953,1969,/model/fiat/1100_1200_typ_103.html
Fiat,Fiat 1100-1200 (model 103) Trasformabile-Spyder,1955,1959,/model/fiat/1100_1200_typ_103_transformabile_spyder.html
Fiat,Fiat 1200-1500-1600 Cabriolet Pininfarina,1959,1966,/model/fiat/1200_1500_1600_cabriolet.html
Fiat,Fiat 1200-1500-1600 Coupe Pininfarina,1959,1966,/model/fiat/1200_1500_1600_coupe.html
Fiat,Fiat 124 Berlina-Familiare,1966,1974,/model/fiat/124_berlina_familiare.html
Fiat,Fiat 124 Coupe,1967,1976,/model/fiat/124_coupe.html
Fiat,Fiat 124 D (Seat),1978,1980,/model/fiat/124_df.html
Fiat,Fiat 124 Rally Abarth,1972,1975,/model/fiat/124_rally_abarth.html
Fiat,Fiat 124 Spider,2016,,/model/fiat/124_spider.html
Fiat,Fiat 124 Spider Pininfarina,1967,1985,/model/fiat/124_spider_pininfarina_spidereuropa.html
Fiat,Fiat 125 Berlina,1967,1972,/model/fiat/125.html
Fiat,Fiat 126,1972,2000,/model/fiat/126.html
Fiat,Fiat 126 Cavaletta,1976,1976,/model/fiat/126_cavaletta.html
Fiat,Fiat 127,1971,1987,/model/fiat/127.html
Fiat,Fiat 128 3P Berlinetta,1975,1979,/model/fiat/128_3p_berlinetta.html
Fiat,Fiat 128 Berlina-Familiare,1969,1985,/model/fiat/128_berlina_familiare.html
Fiat,Fiat 128 Coupe,1971,1975,/model/fiat/128_coupe.html
Fiat,Fiat 130 Berlina,1969,1977,/model/fiat/130_berlina.html
Fiat,Fiat 130 Coupe,1971,1977,/model/fiat/130_coupe.html
Fiat,Fiat 1300-1500 (model 116/115),1961,1967,/model/fiat/1300_1500_typ_116_115.html
Fiat,Fiat 131 Mirafiori,1974,1984,/model/fiat/131_mirafiori.html
Fiat,Fiat 132,1972,1981,/model/fiat/132.html
Fiat,Fiat 133 (Seat),1975,1979,/model/fiat/133f.html
Fiat,Fiat 1400-1900 (model 101),1950,1958,/model/fiat/1400_1900.html
Fiat,Fiat 1500 A-E,1935,1950,/model/fiat/1500_a-e.html
Fiat,Fiat 1800-2100-2300-1500L,1959,1968,/model/fiat/1800_2100_2300.html
Fiat,Fiat 2100 Coupe Vignale,1959,1960,/model/fiat/2100_coupe_vignale.html
Fiat,Fiat 2300 Coupe Ghia,1961,1968,/model/fiat/2300_coupe_ghia.html
Fiat,Fiat 500 (model 110-model 120),1957,1975,/model/fiat/500_typ_110_120.html
Fiat,Fiat 500 (model 150),2007,,/model/fiat/500.html
Fiat,Fiat 500 (EV),2020,,/model/fiat/500_ev.html
Fiat,Fiat 500 Topolino,1936,1955,/model/fiat/500_topolino.html
Fiat,Fiat 500 Zagato Coupe Concept,2011,2011,/model/fiat/500_zagato.html
Fiat,Fiat 500L,2012,,/model/fiat/500l.html
Fiat,Fiat 500X,2015,,/model/fiat/500x.html
Fiat,Fiat 600 Berlina (model 100),1955,1969,/model/fiat/600_typ_100.html
Fiat,Fiat 600 Multipla (model 100),1956,1969,/model/fiat/600_multipla_typ_100.html
Fiat,Fiat 600-850 Familiare,1964,1976,/model/fiat/600_850_familiare.html
Fiat,Fiat 850 Berlina (model 100G),1964,1972,/model/fiat/850_typ_100g.html
Fiat,Fiat 850 Coupe,1965,1971,/model/fiat/850_coupe.html
Fiat,Fiat 850 Racer Bertone,1970,1971,/model/fiat/850_racer.html
Fiat,Fiat 850 Spider,1965,1972,/model/fiat/850_spider_bertone_racer_bertone.html
Fiat,Fiat 8V,1952,1954,/model/fiat/8v.html
Fiat,Fiat Albea,2002,2010,/model/fiat/albea_1gen.html
Fiat,Fiat Argenta,1981,1985,/model/fiat/argenta.html
Fiat,Fiat Barchetta (model 183),1995,2005,/model/fiat/barchetta_typ_176.html
Fiat,Fiat Brava (North America 131),1979,1981,/model/fiat/brava_us.html
Fiat,Fiat Bravo 2nd generation (model 198),2007,2014,/model/fiat/bravo_2gen.html
Fiat,Fiat Bravo-Brava (model 182),1995,2001,/model/fiat/bravo_brava.html
Fiat,Fiat Campagnola 1st generation (1101-1102),1951,1973,/model/fiat/campagnola_1gen.html
Fiat,Fiat Campagnola 2nd generation (1107),1973,1985,/model/fiat/campagnola_2gen.html
Fiat,Fiat Cinquecento (model 170),1991,1998,/model/fiat/cinquecento.html
Fiat,Fiat Coupe (model 175),1994,2000,/model/fiat/coupe_typ_175.html
Fiat,Fiat Croma 1st generation (model 154),1985,1996,/model/fiat/croma_1gen.html
Fiat,Fiat Croma 2nd generation (model 194),2005,2009,/model/fiat/croma_2gen.html
Fiat,Fiat Dino Coupe (Bertone),1967,1973,/model/fiat/dino_coupe.html
Fiat,Fiat Dino Spider (Pininfarina),1966,1972,/model/fiat/dino_spider.html
Fiat,Fiat Doblo 1st generation (model 223),2001,2010,/model/fiat/doblo_1gen.html
Fiat,Fiat Doblo 2nd generation,2010,,/model/fiat/doblo_2gen.html
Fiat,Fiat Ducato 1st generation,1982,1994,/model/fiat/ducato_1gen.html
Fiat,Fiat Duna (model 146B),1987,1991,/model/fiat/duna_eu-model.html
Fiat,Fiat Fiorino 3rd generation,2007,,/model/fiat/fiorino_3gen.html
Fiat,Fiat Freemont,2011,2015,/model/fiat/freemont.html
Fiat,Fiat Idea (model 350),2003,2012,/model/fiat/idea.html
Fiat,Fiat Linea,2007,2013,/model/fiat/linea.html
Fiat,Fiat Marea (model 185),1996,2002,/model/fiat/marea.html
Fiat,Fiat Multipla (model 186),1998,2010,/model/fiat/multipla.html
Fiat,Fiat Oltre Concept,2005,2005,/model/fiat/oltre.html
Fiat,Fiat Palio Weekend Series 1,1997,2001,/model/fiat/palio_weekend_eu-model_1gen.html
Fiat,Fiat Palio Weekend Series 2,2001,2004,/model/fiat/palio_weekend_eu-model_2gen.html
Fiat,Fiat Panda 1st generation (model 141),1980,2001,/model/fiat/panda_1gen.html
Fiat,Fiat Panda 2nd generation (model 169),2003,2012,/model/fiat/panda_2gen.html
Fiat,Fiat Panda 3rd generation,2012,,/model/fiat/panda_3gen.html
Fiat,Fiat Punto 1st generation (model 176),1993,1999,/model/fiat/punto_1gen.html
Fiat,Fiat Punto 2nd generation (model 188),1999,2010,/model/fiat/punto_2gen.html
Fiat,Fiat Punto 3rd generation (model 199),2005,2014,/model/fiat/punto_3gen.html
Fiat,Fiat Qubo,2008,,/model/fiat/qubo.html
Fiat,Fiat Regata (model 138),1983,1990,/model/fiat/regata.html
Fiat,Fiat Ritmo-Strada (model 138),1978,1988,/model/fiat/ritmo_strada.html
Fiat,Fiat Sedici,2005,2012,/model/fiat/sedici.html
Fiat,Fiat Seicento/600 (model 187),1998,2010,/model/fiat/seicento.html
Fiat,Fiat Siena Europe,1997,2002,/model/fiat/siena_eu-model.html
Fiat,Fiat Stilo (model 192),2001,2007,/model/fiat/stilo.html
Fiat,Fiat Tempra (model 159),1990,1996,/model/fiat/tempra.html
Fiat,Fiat Tipo 1st generation (model 160),1988,1995,/model/fiat/tipo.html
Fiat,Fiat Tipo 2nd generation,2016,,/model/fiat/tipo_2gen.html
Fiat,Fiat Ulysse 1st generation,1994,2002,/model/fiat/ulysse_1gen.html
Fiat,Fiat Ulysse 2nd generation (model 179),2002,2010,/model/fiat/ulysse_2gen.html
Fiat,Fiat Uno (model 146),1983,2002,/model/fiat/uno.html
Fiat,Fiat X 1/9,1972,1989,/model/fiat/x_1_9.html
Hyundai,Hyundai Accent 1st generation (X3-series),1994,1999,/model/hyundai/accent_1gen.html
Hyundai,Hyundai Accent 2nd generation (LC-series),1999,2006,/model/hyundai/accent_2gen.html
Hyundai,Hyundai Accent 3rd generation (MC-series),2006,2011,/model/hyundai/accent_3gen.html
Hyundai,Hyundai Accent 4th generation (RB-series),2011,2013,/model/hyundai/accent_4gen.html
Hyundai,Hyundai Atoz-Atos-Amica 1st generation,1997,2003,/model/hyundai/atos_1gen.html
Hyundai,Hyundai Atoz-Atos-Amica 2nd generation,2003,2008,/model/hyundai/atos_2gen.html
Hyundai,Hyundai Avante 1st generation (J2-series),1995,2000,/model/hyundai/avante_1gen.html
Hyundai,Hyundai Avante 2nd generation (XD-series),2000,2006,/model/hyundai/avante_2gen.html
Hyundai,Hyundai Avante 3rd generation (HD-series),2006,2010,/model/hyundai/avante_3gen.html
Hyundai,Hyundai Avante 4th generation (MD-series),2010,2015,/model/hyundai/avante_4gen.html
Hyundai,Hyundai Azera 1st generation,2007,2010,/model/hyundai/azera_grandeur_tg.html
Hyundai,Hyundai Azera 2nd generation,2012,2014,/model/hyundai/azera_grandeur_hg.html
Hyundai,Hyundai Blue On Electric,2011,2011,/model/hyundai/blue_on_electric.html
Hyundai,Hyundai Click (TB-series),2002,2009,/model/hyundai/click.html
Hyundai,Hyundai Coupe 1st generation (RC-series),1996,2001,/model/hyundai/coupe_hyu_1gen.html
Hyundai,Hyundai Coupe 2nd generation (GK-series),2002,2009,/model/hyundai/coupe_hyu_2gen.html
Hyundai,Hyundai Dynasty,1996,2005,/model/hyundai/dynasty_hyundai.html
Hyundai,Hyundai Elantra 3rd generation (XD-series),2000,2006,/model/hyundai/elantra_3gen.html
Hyundai,Hyundai Elantra 4th generation (HD-series),2006,2010,/model/hyundai/elantra_4gen.html
Hyundai,Hyundai Elantra 5th generation (MD-series),2011,2013,/model/hyundai/elantra_5gen.html
Hyundai,Hyundai Elantra-Lantra 1st generation (J1-series),1991,1995,/model/hyundai/elantra_1gen.html
Hyundai,Hyundai Elantra-Lantra 2nd generation (J2-series),1995,2000,/model/hyundai/elantra_2gen.html
Hyundai,Hyundai Equus-Centennial 1st generation,1999,2008,/model/hyundai/equus_centennial_1gen.html
Hyundai,Hyundai Equus-Centennial 2nd generation,2009,2016,/model/hyundai/equus_centennial_2gen.html
Hyundai,Hyundai Excel 2nd generation (X2-series),1991,1994,/model/hyundai/excel_ko.html
Hyundai,Hyundai Galloper 1st generation,1991,1998,/model/hyundai/galloper_1gen.html
Hyundai,Hyundai Galloper 2nd generation (Galloper II),1998,2003,/model/hyundai/galloper_2gen.html
Hyundai,Hyundai Genesis Coupe,2009,2016,/model/hyundai/genesis_coupe.html
Hyundai,Hyundai Genesis Sedan 1st generation (BH-series),2008,2013,/model/hyundai/genesis.html
Hyundai,Hyundai Genesis Sedan 2nd generation (DH-series),2015,2016,/model/hyundai/genesis_2gen.html
Hyundai,Hyundai Getz (TB-series),2002,2009,/model/hyundai/getz.html
Hyundai,Hyundai Grand Santa Fe,2013,2018,/model/hyundai/santa_fe_3gen_grand.html
Hyundai,Hyundai Grandeur 1st generation,1986,1992,/model/hyundai/grandeur_1gen.html
Hyundai,Hyundai Grandeur 2nd generation,1992,1998,/model/hyundai/grandeur_2gen.html
Hyundai,Hyundai Grandeur HG,2011,2013,/model/hyundai/grandeur_hg.html
Hyundai,Hyundai Grandeur TG,2005,2011,/model/hyundai/grandeur_tg.html
Hyundai,Hyundai Grandeur XG,1999,2005,/model/hyundai/grandeur_xg.html
Hyundai,Hyundai HED-1 Concept,2005,2005,/model/hyundai/hed-1.html
Hyundai,Hyundai i10 1st generation,2007,2013,/model/hyundai/i10.html
Hyundai,Hyundai i10 2nd generation,2014,2019,/model/hyundai/i10_2gen.html
Hyundai,Hyundai i10 3rd generation,2020,,/model/hyundai/i10_3gen.html
Hyundai,Hyundai i20 1st generation,2008,2014,/model/hyundai/i20.html
Hyundai,Hyundai i20 2nd generation,2015,2020,/model/hyundai/i20_2gen.html
Hyundai,Hyundai i20 3rd generation,2020,,/model/hyundai/i20_3gen.html
Hyundai,Hyundai i30 1st generation,2007,2012,/model/hyundai/i30.html
Hyundai,Hyundai i30 2nd generation,2012,2017,/model/hyundai/i30_2gen.html
Hyundai,Hyundai i30 3rd generation,2017,,/model/hyundai/i30_3gen.html
Hyundai,Hyundai i40,2011,2019,/model/hyundai/i40.html
Hyundai,Hyundai Ioniq,2016,,/model/hyundai/ioniq.html
Hyundai,Hyundai ix20,2010,2019,/model/hyundai/ix20.html
Hyundai,Hyundai ix35,2009,2015,/model/hyundai/ix35.html
Hyundai,Hyundai ix35 Fuel Cell,2016,2017,/model/hyundai/ix35_fuel_cell.html
Hyundai,Hyundai ix55,2009,2013,/model/hyundai/ix55.html
Hyundai,Hyundai Kona,2017,,/model/hyundai/kona.html
Hyundai,Hyundai Lavita,2001,2008,/model/hyundai/lavita.html
Hyundai,Hyundai Marcia,1995,1998,/model/hyundai/marcia.html
Hyundai,Hyundai Matrix,2001,2010,/model/hyundai/lavita_matrix.html
Hyundai,Hyundai NEXO,2018,,/model/hyundai/nexo.html
Hyundai,Hyundai Pony 1st generation,1974,1990,/model/hyundai/pony_1gen.html
Hyundai,Hyundai Pony 2nd generation (X1-series),1985,1989,/model/hyundai/pony_2gen.html
Hyundai,Hyundai Pony 3rd generation (X2-series),1989,1994,/model/hyundai/pony_3gen.html
Hyundai,Hyundai Pony 4th generation (X3-series),1994,1999,/model/hyundai/pony_4gen.html
Hyundai,Hyundai S-Coupe,1989,1996,/model/hyundai/scoupe.html
Hyundai,Hyundai Santa Fe 1st generation,2000,2006,/model/hyundai/santa_fe_1gen.html
Hyundai,Hyundai Santa Fe 2nd generation,2006,2012,/model/hyundai/santa_fe_2gen.html
Hyundai,Hyundai Santa Fe 3rd generation,2012,2018,/model/hyundai/santa_fe_3gen.html
Hyundai,Hyundai Santa Fe 4th generation,2018,,/model/hyundai/santa_fe_4gen.html
Hyundai,Hyundai Santamo,1996,2002,/model/hyundai/santamo.html
Hyundai,Hyundai Sonata 2nd generation (Y2-series),1987,1993,/model/hyundai/sonata_1gen.html
Hyundai,"Hyundai Sonata 3rd generation (Y3-series, II, III)",1993,1998,/model/hyundai/sonata_2gen.html
Hyundai,Hyundai Sonata 4th generation (EF-series),1998,2005,/model/hyundai/sonata_3gen.html
Hyundai,Hyundai Sonata 5th generation (NF-series),2005,2010,/model/hyundai/sonata_4gen.html
Hyundai,Hyundai Sonata 6th generation (YF-series),2009,2012,/model/hyundai/sonata_5gen.html
Hyundai,Hyundai Sonica,1993,1998,/model/hyundai/sonica.html
Hyundai,Hyundai Starex-Satellite-H1 1st generation,1997,2007,/model/hyundai/starex_1gen.html
Hyundai,Hyundai Starex-Satellite-H1-i800 2nd generation,2007,,/model/hyundai/starex_2gen.html
Hyundai,Hyundai Stellar,1983,1991,/model/hyundai/stellar.html
Hyundai,Hyundai Terracan,2001,2007,/model/hyundai/terracan.html
Hyundai,Hyundai Tiburon (RC-series),1996,2001,/model/hyundai/tiburon_1gen.html
Hyundai,Hyundai Trajet,1999,2007,/model/hyundai/trajet.html
Hyundai,Hyundai Tucson 1st generation (JM),2004,2010,/model/hyundai/tucson_1gen.html
Hyundai,Hyundai Tucson 2nd generation (Tucson iX),2009,2013,/model/hyundai/tucson_2gen.html
Hyundai,Hyundai Tucson 3rd generation,2015,2020,/model/hyundai/tucson_3gen.html
Hyundai,Hyundai Tucson 4th generation,2021,,/model/hyundai/tucson_4gen.html
Hyundai,Hyundai Tuscani (GK-series),2001,2009,/model/hyundai/tuscani.html
Hyundai,Hyundai Veloster 1st Generation,2011,2016,/model/hyundai/veloster.html
Hyundai,Hyundai Veracruz,2006,2013,/model/hyundai/veracruz.html
Hyundai,Hyundai Verna 1st generation (LC-series),1999,2005,/model/hyundai/verna_1gen.html
Hyundai,Hyundai Verna 2nd generation (MC-series),2005,2011,/model/hyundai/verna_2gen.html
Hyundai,Hyundai XG,1999,2005,/model/hyundai/xg.html
Ferrari,Ferrari 125-159 S,1947,1947,/model/ferrari/125_159_s.html
Ferrari,Ferrari 166 S,1948,1948,/model/ferrari/166_s.html
Ferrari,Ferrari 166 Spyder Corsa,1947,1948,/model/ferrari/166_spyder_corsa.html
Ferrari,Ferrari 166-195-212 Inter,1948,1953,/model/ferrari/166_195_212_inter.html
Ferrari,Ferrari 166-212-250-340-375 MM,1948,1955,/model/ferrari/166_mm.html
Ferrari,Ferrari 196 S,1959,1959,/model/ferrari/196_s.html
Ferrari,Ferrari 212 Export,1951,1952,/model/ferrari/212_export.html
Ferrari,Ferrari 225 S,1951,1952,/model/ferrari/225_s.html
Ferrari,Ferrari 246 SP,1961,1961,/model/ferrari/246_sp.html
Ferrari,Ferrari 250 Europa,1954,1955,/model/ferrari/250_europa.html
Ferrari,Ferrari 250 GT,1955,1964,/model/ferrari/250_gt.html
Ferrari,Ferrari 250 GTO,1962,1964,/model/ferrari/250_gto.html
Ferrari,Ferrari 250 LM,1963,1966,/model/ferrari/250_lm.html
Ferrari,Ferrari 250-330 Testa Rossa,1958,1962,/model/ferrari/250-330_tr.html
Ferrari,Ferrari 275 GTB-GTS,1964,1968,/model/ferrari/275_gtb_gts.html
Ferrari,Ferrari 288 GTO,1984,1985,/model/ferrari/288_gto.html
Ferrari,Ferrari 290 MM,1956,1957,/model/ferrari/290_mm.html
Ferrari,Ferrari 308-208 GT4,1976,1980,/model/ferrari/308_208_gt4_ferrari.html
Ferrari,Ferrari 308-208-328 GTB-GTS,1975,1989,/model/ferrari/308_208_328_gtb_gts.html
Ferrari,Ferrari 330 America,1963,1964,/model/ferrari/330_america.html
Ferrari,Ferrari 330 GT 2+2,1964,1967,/model/ferrari/330_gt_2_2.html
Ferrari,Ferrari 330 P4,1967,1967,/model/ferrari/330_p4.html
Ferrari,Ferrari 330-365 GTC-GTS,1966,1969,/model/ferrari/330_365_gtc_gts.html
Ferrari,Ferrari 340-342-375 America,1951,1955,/model/ferrari/340_342_375_america.html
Ferrari,Ferrari 348,1989,1995,/model/ferrari/348.html
Ferrari,Ferrari 360 Modena,1999,2005,/model/ferrari/360_modena.html
Ferrari,Ferrari 365 California,1966,1967,/model/ferrari/365_california.html
Ferrari,Ferrari 365 GT 2+2,1967,1971,/model/ferrari/365_gt_2_2.html
Ferrari,Ferrari 365 GT4 2+2,1972,1976,/model/ferrari/365_gt4_2_2.html
Ferrari,Ferrari 365 GT4 Berlinetta Boxer,1973,1976,/model/ferrari/365_gt4_bb.html
Ferrari,Ferrari 365 GTB/4-GTS/4 Daytona,1968,1974,/model/ferrari/365_gtb_4_-_gts_4.html
Ferrari,Ferrari 365 GTC/4,1971,1972,/model/ferrari/365_gtc_4.html
Ferrari,Ferrari 365 P Berlinetta Speciale,1966,1966,/model/ferrari/365_p.html
Ferrari,Ferrari 375 Plus,1954,1954,/model/ferrari/375_plus.html
Ferrari,Ferrari 400 Superamerica,1960,1964,/model/ferrari/400_superamerica.html
Ferrari,Ferrari 400-412,1976,1989,/model/ferrari/400_412.html
Ferrari,Ferrari 408,1987,1987,/model/ferrari/408.html
Ferrari,Ferrari 410 Superamerica,1955,1959,/model/ferrari/410_superamerica.html
Ferrari,Ferrari 456,1994,2003,/model/ferrari/456.html
Ferrari,Ferrari 458 Italia,2010,2015,/model/ferrari/458_italia.html
Ferrari,Ferrari 488,2015,2019,/model/ferrari/488.html
Ferrari,Ferrari 500 Mondial,1953,1954,/model/ferrari/500_mondial.html
Ferrari,Ferrari 500 Superfast,1964,1966,/model/ferrari/500_superfast.html
Ferrari,Ferrari 500 TR,1954,1956,/model/ferrari/500_tr.html
Ferrari,Ferrari 500 TRC,1957,1957,/model/ferrari/500_trc.html
Ferrari,Ferrari 512 BB,1976,1984,/model/ferrari/512_bb.html
Ferrari,Ferrari 512 S,1970,1970,/model/ferrari/512_s.html
Ferrari,Ferrari 512 TR,1991,1994,/model/ferrari/512_tr.html
Ferrari,Ferrari 550-575 Maranello,1996,2006,/model/ferrari/550_575_maranello.html
Ferrari,Ferrari 599 Fiorano,2006,2012,/model/ferrari/599_fiorano.html
Ferrari,Ferrari 599 GTO,2010,2012,/model/ferrari/599_gto.html
Ferrari,Ferrari 599XX,2009,2009,/model/ferrari/599xx.html
Ferrari,Ferrari 612 Scaglietti,2004,2010,/model/ferrari/612_scaglietti.html
Ferrari,Ferrari 750 Monza,1954,1955,/model/ferrari/750_monza.html
Ferrari,Ferrari 812,2017,,/model/ferrari/812.html
Ferrari,Ferrari California,2009,2018,/model/ferrari/california.html
Ferrari,Ferrari Enzo,2004,2004,/model/ferrari/enzo.html
Ferrari,Ferrari F12berlinetta,2012,2018,/model/ferrari/f12berlinetta.html
Ferrari,Ferrari F355,1994,1999,/model/ferrari/f355.html
Ferrari,Ferrari F40,1987,1992,/model/ferrari/f40.html
Ferrari,Ferrari F430,2004,2009,/model/ferrari/f430.html
Ferrari,Ferrari F50,1995,1997,/model/ferrari/f50.html
Ferrari,Ferrari F512 M,1994,1996,/model/ferrari/f512_m.html
Ferrari,Ferrari F8,2019,,/model/ferrari/f8.html
Ferrari,Ferrari FF,2011,2016,/model/ferrari/ff_gt.html
Ferrari,Ferrari FXX,2006,2007,/model/ferrari/fxx.html
Ferrari,Ferrari GG50,2006,2006,/model/ferrari/gg50.html
Ferrari,Ferrari GTC4Lusso,2016,,/model/ferrari/gtc4lusso.html
Ferrari,Ferrari LaFerrari,2013,2017,/model/ferrari/laferrari.html
Ferrari,Ferrari Mondial,1980,1993,/model/ferrari/mondial.html
Ferrari,Ferrari Monza SP series,2019,2019,/model/ferrari/monza_sp.html
Ferrari,Ferrari P4/5,2006,2006,/model/ferrari/p4_5.html
Ferrari,Ferrari Portofino,2018,,/model/ferrari/portofino.html
Ferrari,Ferrari Roma,2020,,/model/ferrari/roma.html
Ferrari,Ferrari SA Aperta,2011,2011,/model/ferrari/sa_aperta.html
Ferrari,Ferrari SF90,2019,,/model/ferrari/sf90.html
Ferrari,Ferrari Testarossa,1984,1991,/model/ferrari/testarossa.html
Alfa Romeo,Alfa Romeo 145-146 (model 930),1994,2001,/model/alfa_romeo/145_146.html
Alfa Romeo,Alfa Romeo 147 (model 937),2000,2010,/model/alfa_romeo/147.html
Alfa Romeo,Alfa Romeo 155 (model 167),1992,1998,/model/alfa_romeo/155.html
Alfa Romeo,Alfa Romeo 156 (model 932),1997,2006,/model/alfa_romeo/156.html
Alfa Romeo,Alfa Romeo 159 (model 939),2005,2011,/model/alfa_romeo/159.html
Alfa Romeo,Alfa Romeo 164,1987,1997,/model/alfa_romeo/164.html
Alfa Romeo,Alfa Romeo 164 Proteo,1991,1991,/model/alfa_romeo/164_proteo.html
Alfa Romeo,Alfa Romeo 166,1998,2007,/model/alfa_romeo/166.html
Alfa Romeo,Alfa Romeo 1900 (model 1483),1950,1958,/model/alfa_romeo/1900_alfa_romeo.html
Alfa Romeo,Alfa Romeo 1900 C52 Disco Volante,1952,1953,/model/alfa_romeo/1900_c52.html
Alfa Romeo,Alfa Romeo 1900C Sprint (model 1484),1951,1958,/model/alfa_romeo/1900_sprint.html
Alfa Romeo,Alfa Romeo 2000 (model 102),1958,1962,/model/alfa_romeo/2000_alfa_romeo.html
Alfa Romeo,Alfa Romeo 2000 Sportiva,1954,1954,/model/alfa_romeo/2000_sportiva.html
Alfa Romeo,Alfa Romeo 2600 (model 106),1962,1968,/model/alfa_romeo/2600_alfa_romeo.html
Alfa Romeo,Alfa Romeo 33,1967,1969,/model/alfa_romeo/tipo_33.html
Alfa Romeo,Alfa Romeo 33 (model 905-model 907),1983,1995,/model/alfa_romeo/33.html
Alfa Romeo,Alfa Romeo 33 Navajo,1976,1976,/model/alfa_romeo/33_navajo.html
Alfa Romeo,Alfa Romeo 33 Pininfarina Concept,1970,1970,/model/alfa_romeo/33_pininfarina.html
Alfa Romeo,Alfa Romeo 4C,2013,2020,/model/alfa_romeo/4c.html
Alfa Romeo,Alfa Romeo 4C Concept,2011,2011,/model/alfa_romeo/4c_concept.html
Alfa Romeo,Alfa Romeo 4R Zagato,1966,1967,/model/alfa_romeo/4r_zagato.html
Alfa Romeo,Alfa Romeo 6C 2500,1938,1952,/model/alfa_romeo/6c_2500.html
Alfa Romeo,Alfa Romeo 6C 3000CM,1952,1956,/model/alfa_romeo/6c_3000.html
Alfa Romeo,Alfa Romeo 75 (model 162B),1985,1992,/model/alfa_romeo/75.html
Alfa Romeo,Alfa Romeo 8C Competizione,2007,2010,/model/alfa_romeo/8c_competizione.html
Alfa Romeo,Alfa Romeo 90 (model 162A),1984,1987,/model/alfa_romeo/90_alfa_romeo.html
Alfa Romeo,Alfa Romeo Alfa 6 (model 119),1979,1987,/model/alfa_romeo/alfa_6.html
Alfa Romeo,Alfa Romeo Alfasud (model 901-model 904),1971,1983,/model/alfa_romeo/alfasud.html
Alfa Romeo,Alfa Romeo Alfetta (model 116),1972,1985,/model/alfa_romeo/alfetta_tipo_116.html
Alfa Romeo,Alfa Romeo Alfetta GT-GTV (model 116),1974,1980,/model/alfa_romeo/alfetta_gt.html
Alfa Romeo,Alfa Romeo AR 51,1952,1954,/model/alfa_romeo/ar_51.html
Alfa Romeo,Alfa Romeo Arna (model 920),1983,1987,/model/alfa_romeo/arna.html
Alfa Romeo,Alfa Romeo Berlina (model 105-model 115),1968,1977,/model/alfa_romeo/berlina.html
Alfa Romeo,Alfa Romeo Brera (model 939),2005,2010,/model/alfa_romeo/brera_spider.html
Alfa Romeo,Alfa Romeo Dauphine,1959,1964,/model/alfa_romeo/dauphine_r.html
Alfa Romeo,Alfa Romeo Eagle Pininfarina,1975,1975,/model/alfa_romeo/eagle_pininfarina.html
Alfa Romeo,Alfa Romeo Giulia,2016,,/model/alfa_romeo/giulia.html
Alfa Romeo,Alfa Romeo Giulia (model 105),1962,1979,/model/alfa_romeo/giulia_tipo_105.html
Alfa Romeo,Alfa Romeo Giulia Spider (model 101),1962,1966,/model/alfa_romeo/giulia_spider.html
Alfa Romeo,Alfa Romeo Giulia Sprint model 101,1962,1964,/model/alfa_romeo/giulia_sprint_tipo_101.html
Alfa Romeo,Alfa Romeo Giulia Sprint-GT-GTV (model 105),1963,1976,/model/alfa_romeo/sprint_gt_tipo_105.html
Alfa Romeo,Alfa Romeo Giulia SS (Sprint Speciale),1963,1966,/model/alfa_romeo/giulia_ss.html
Alfa Romeo,Alfa Romeo Giulia TZ Zagato,1963,1965,/model/alfa_romeo/giulia_tz.html
Alfa Romeo,Alfa Romeo Giulietta,2010,2020,/model/alfa_romeo/giulietta_3gen.html
Alfa Romeo,Alfa Romeo Giulietta (model 116),1977,1985,/model/alfa_romeo/giulietta_tipo_116.html
Alfa Romeo,Alfa Romeo Giulietta (model 750-model 101),1954,1964,/model/alfa_romeo/giulietta_tipo_101.html
Alfa Romeo,Alfa Romeo Giulietta Spider (model 750-model 101),1955,1962,/model/alfa_romeo/spider_tipo_101.html
Alfa Romeo,Alfa Romeo Giulietta Sprint (model 750-model 101),1954,1966,/model/alfa_romeo/sprint_tipo_101.html
Alfa Romeo,Alfa Romeo Giulietta SS (Sprint Speciale),1957,1962,/model/alfa_romeo/giulietta_ss.html
Alfa Romeo,Alfa Romeo Giulietta SZ (Sprint Zagato),1960,1962,/model/alfa_romeo/giulietta_sz.html
Alfa Romeo,Alfa Romeo GT,2004,2010,/model/alfa_romeo/gt_2003.html
Alfa Romeo,Alfa Romeo GTV (model 116),1980,1987,/model/alfa_romeo/gt_gtv_tipo_116.html
Alfa Romeo,Alfa Romeo GTV (model 916),1995,2006,/model/alfa_romeo/gtv_spider.html
Alfa Romeo,Alfa Romeo Iguana Giugiaro,1969,1969,/model/alfa_romeo/iguana.html
Alfa Romeo,Alfa Romeo Junior Zagato,1969,1975,/model/alfa_romeo/junior_zagato.html
Alfa Romeo,Alfa Romeo MiTo (model 955),2007,2018,/model/alfa_romeo/mito.html
Alfa Romeo,Alfa Romeo Montreal (model 105.64),1970,1975,/model/alfa_romeo/montreal.html
Alfa Romeo,Alfa Romeo Nuvola,1996,1996,/model/alfa_romeo/nuvola.html
Alfa Romeo,Alfa Romeo Scarabeo OSI,1966,1966,/model/alfa_romeo/scarabeo.html
Alfa Romeo,Alfa Romeo Spider (model 105-model 115),1966,1994,/model/alfa_romeo/spider_alfa_romeo.html
Alfa Romeo,Alfa Romeo Spider (model 916),1995,2006,/model/alfa_romeo/spider_tipo_916.html
Alfa Romeo,Alfa Romeo Spider (model 939),2006,2010,/model/alfa_romeo/spider_tipo_939.html
Alfa Romeo,Alfa Romeo Sprint (model 902),1976,1989,/model/alfa_romeo/sprint_tipo_902.html
Alfa Romeo,Alfa Romeo Stelvio,2017,,/model/alfa_romeo/stelvio_1.html
Alfa Romeo,Alfa Romeo SZ-RZ (model ES-30),1989,1993,/model/alfa_romeo/sz_rz.html
Chevrolet (Europe),Chevrolet (Europe) Alero,1999,2001,/model/chevrolet_europe/alero_eu.html
Chevrolet (Europe),Chevrolet (Europe) Aveo 2nd generation (T250),2006,2011,/model/chevrolet_europe/t250_europe.html
Chevrolet (Europe),Chevrolet (Europe) Aveo 3rd generation (T300),2011,2014,/model/chevrolet_europe/t300_aveo_europe.html
Chevrolet (Europe),Chevrolet (Europe) Camaro 4th generation,1998,2002,/model/chevrolet_europe/camaro_4gen_eu.html
Chevrolet (Europe),Chevrolet (Europe) Camaro 5th generation,2011,2014,/model/chevrolet_europe/camaro_5gen_eu.html
Chevrolet (Europe),Chevrolet (Europe) Captiva,2006,2014,/model/chevrolet_europe/windstorm_captiva_europe.html
Chevrolet (Europe),Chevrolet (Europe) Code 130R,2011,2011,/model/chevrolet_europe/code_130r.html
Chevrolet (Europe),Chevrolet (Europe) Corvette C4,1993,1996,/model/chevrolet_europe/corvette_c4_eu.html
Chevrolet (Europe),Chevrolet (Europe) Corvette C5,1997,2004,/model/chevrolet_europe/corvette_c5_eu.html
Chevrolet (Europe),Chevrolet (Europe) Corvette C6,2005,2013,/model/chevrolet_europe/corvette_c6_eu.html
Chevrolet (Europe),Chevrolet (Europe) Cruze,2009,2014,/model/chevrolet_europe/cruze_eu_1gen.html
Chevrolet (Europe),Chevrolet (Europe) Epica (V250),2006,2010,/model/chevrolet_europe/tosca_epica_europe.html
Chevrolet (Europe),Chevrolet (Europe) Evanda (V200),2005,2006,/model/chevrolet_europe/evanda_1gen.html
Chevrolet (Europe),Chevrolet (Europe) Kalos-Aveo 1st generation (T200),2005,2008,/model/chevrolet_europe/t200_europe.html
Chevrolet (Europe),Chevrolet (Europe) Lacetti-Nubira (J200),2005,2010,/model/chevrolet_europe/lacetti_nubira_europe_2gen.html
Chevrolet (Europe),Chevrolet (Europe) Malibu 7th generation,2012,2014,/model/chevrolet_europe/malibu_7gen_eu.html
Chevrolet (Europe),Chevrolet (Europe) Matiz-Spark (M200),2005,2010,/model/chevrolet_europe/matiz_europe_2gen_spark.html
Chevrolet (Europe),Chevrolet (Europe) Orlando,2011,2014,/model/chevrolet_europe/orlando_1gen.html
Chevrolet (Europe),Chevrolet (Europe) Rezzo,2005,2009,/model/chevrolet_europe/rezzo_europe.html
Chevrolet (Europe),Chevrolet (Europe) Spark 2nd generation,2010,2014,/model/chevrolet_europe/spark_eu_2gen.html
Chevrolet (Europe),Chevrolet (Europe) Trans Sport,1997,2005,/model/chevrolet_europe/trans_sport_2.html
Chevrolet (Europe),Chevrolet (Europe) Trax,2013,2014,/model/chevrolet_europe/trax.html
Chevrolet (Europe),Chevrolet (Europe) Tru 140S,2011,2011,/model/chevrolet_europe/tru_140s.html
Chevrolet (Europe),Chevrolet (Europe) Volt,2011,2014,/model/chevrolet_europe/volt_eu.html
Aston Martin,Aston Martin 2-Litre Sports (DB1),1948,1949,/model/aston_martin/db1.html
Aston Martin,Aston Martin Bulldog Concept,1980,1980,/model/aston_martin/bulldog.html
Aston Martin,Aston Martin Cygnet,2011,2014,/model/aston_martin/cygnet.html
Aston Martin,Aston Martin DB11,2016,,/model/aston_martin/db11.html
Aston Martin,Aston Martin DB2,1949,1959,/model/aston_martin/db2.html
Aston Martin,Aston Martin DB3,1951,1956,/model/aston_martin/db3.html
Aston Martin,Aston Martin DB4,1958,1963,/model/aston_martin/db4.html
Aston Martin,Aston Martin DB5,1963,1965,/model/aston_martin/db5.html
Aston Martin,Aston Martin DB6,1965,1970,/model/aston_martin/db6.html
Aston Martin,Aston Martin DB7,1993,2003,/model/aston_martin/db7.html
Aston Martin,Aston Martin DB9 1st generation,2003,2012,/model/aston_martin/db9_dbs.html
Aston Martin,Aston Martin DB9 2nd generation,2012,2016,/model/aston_martin/db9_2gen.html
Aston Martin,Aston Martin DBS,2007,2012,/model/aston_martin/dbs.html
Aston Martin,Aston Martin DBS Superleggera,2018,,/model/aston_martin/dbs_superleggera.html
Aston Martin,Aston Martin DBS-V8,1967,1973,/model/aston_martin/dbs_v8.html
Aston Martin,Aston Martin DBX,2020,,/model/aston_martin/dbx.html
Aston Martin,Aston Martin Lagonda 1st generation,1974,1976,/model/aston_martin/lagonda_gen_1.html
Aston Martin,Aston Martin Lagonda 2nd generation,1976,1991,/model/aston_martin/lagonda_gen_2.html
Aston Martin,Aston Martin One-77,2011,2011,/model/aston_martin/one-77.html
Aston Martin,Aston Martin Rapide,2009,,/model/aston_martin/rapide.html
Aston Martin,Aston Martin V12 Vantage,2009,2017,/model/aston_martin/v12_vantage.html
Aston Martin,Aston Martin V12 Zagato,2012,2014,/model/aston_martin/v12_zagato.html
Aston Martin,Aston Martin V8,1972,1989,/model/aston_martin/v8-am.html
Aston Martin,Aston Martin V8 (based on Virage),1996,2000,/model/aston_martin/v8-am2.html
Aston Martin,Aston Martin V8 Vantage,2005,2017,/model/aston_martin/v8_vantage.html
Aston Martin,Aston Martin Vanquish 1st generation,2001,2007,/model/aston_martin/vanquish.html
Aston Martin,Aston Martin Vanquish 2nd generation,2013,,/model/aston_martin/vanquish_2gen.html
Aston Martin,Aston Martin Vantage,2018,,/model/aston_martin/vantage.html
Aston Martin,Aston Martin Vantage-Volante Zagato,1986,1988,/model/aston_martin/vantage_volante_zagato.html
Aston Martin,Aston Martin Virage 1st generation,1988,1996,/model/aston_martin/virage_v8.html
Aston Martin,Aston Martin Virage 2nd generation,2011,2012,/model/aston_martin/virage.html
Aston Martin,Aston Martin Virage Lagonda,1993,1994,/model/aston_martin/virage_lagonda.html
Audi,Audi 100 C1 (model F104),1968,1977,/model/audi/100_1gen.html
Audi,Audi 100 C2 (model 43),1976,1982,/model/audi/100_2gen.html
Audi,Audi 100 C3 (model 44),1982,1991,/model/audi/100_3gen.html
Audi,Audi 100 C4,1990,1994,/model/audi/100_4gen.html
Audi,Audi 200 C2 (model 43),1979,1983,/model/audi/200_1gen.html
Audi,Audi 200 C3 (model 44),1983,1991,/model/audi/200_2gen.html
Audi,Audi 4000 B2,1979,1987,/model/audi/4000.html
Audi,Audi 50 (model 86),1974,1978,/model/audi/50_audi.html
Audi,Audi 5000 C2,1977,1983,/model/audi/5000_c2.html
Audi,Audi 5000 C3,1984,1988,/model/audi/5000_c3.html
Audi,Audi 60-80-90 (model F103),1965,1972,/model/audi/80_1gen_ser_60-80-90.html
Audi,"Audi 80 B1 (model 80,82)",1972,1978,/model/audi/80_2gen.html
Audi,"Audi 80 B2 (model 81,85)",1978,1986,/model/audi/80_3gen.html
Audi,Audi 80 B3 (model 89),1986,1992,/model/audi/80_4gen.html
Audi,Audi 80 B4 (model 8C),1991,1996,/model/audi/80_5gen.html
Audi,"Audi 90 B2 (model 81,85)",1984,1986,/model/audi/90_1gen.html
Audi,Audi 90 B3 (model 89),1987,1991,/model/audi/90_2gen.html
Audi,Audi 90 B4 (model 8C),1993,1995,/model/audi/90_3gen.html
Audi,Audi 90 IMSA-GTO,1989,1989,/model/audi/90_imsa.html
Audi,Audi A1 1st generation (model 8X),2010,2018,/model/audi/a1_1.html
Audi,Audi A1 2nd generation (model GB),2018,,/model/audi/a1_2.html
Audi,Audi A2 (model 8Z),1999,2005,/model/audi/a2_8z.html
Audi,Audi A2 Concept,2011,2011,/model/audi/a2_concept.html
Audi,Audi A3 1st generation (model 8L),1996,2003,/model/audi/a3_8l.html
Audi,Audi A3 2nd generation (model 8P),2003,2013,/model/audi/a3_8p.html
Audi,Audi A3 3rd generation (model 8V),2012,2020,/model/audi/a3_8v.html
Audi,Audi A3 4th generation (model 8Y),2020,,/model/audi/a3_8y.html
Audi,Audi A3 Concept,2011,2011,/model/audi/a3_concept.html
Audi,Audi A4 Allroad B8,2009,2016,/model/audi/a4_allroad_b8.html
Audi,Audi A4 Allroad B9,2016,,/model/audi/a4_allroad_b9.html
Audi,Audi A4 B5 (model 8D),1994,2001,/model/audi/a4_b5.html
Audi,"Audi A4 B6 (model 8E,8H,QB6)",2000,2005,/model/audi/a4_b6.html
Audi,"Audi A4 B7 (model 8E,8H,QB6)",2004,2009,/model/audi/a4_b7.html
Audi,Audi A4 B8 (model 8K),2007,2016,/model/audi/a4_b8.html
Audi,Audi A4 B9 (model 8W),2015,,/model/audi/a4_b9.html
Audi,Audi A5 Coupe-Cabriolet 1st generation (model 8T),2007,2017,/model/audi/a5.html
Audi,Audi A5 Coupe-Cabriolet 2nd generation (model F5),2016,,/model/audi/a5_2.html
Audi,Audi A5 Sportback 1st generation (model 8T),2009,2017,/model/audi/a5_sportback.html
Audi,Audi A5 Sportback 2nd generation (model F5),2017,,/model/audi/a5_sportback_2.html
Audi,Audi A6 Allroad C5,2000,2005,/model/audi/a6_allroad_c5.html
Audi,Audi A6 Allroad C6,2006,2011,/model/audi/a6_allroad_c6.html
Audi,Audi A6 Allroad C7,2012,2018,/model/audi/a6_allroad_c7.html
Audi,Audi A6 Allroad C8,2019,,/model/audi/a6_allroad_c8.html
Audi,Audi A6 C4,1994,1997,/model/audi/a6_c4.html
Audi,Audi A6 C5 (model 4B),1997,2004,/model/audi/a6_c5.html
Audi,Audi A6 C6 (model 4F),2004,2011,/model/audi/a6_c6.html
Audi,Audi A6 C7 (model 4G),2011,2018,/model/audi/a6_c7.html
Audi,Audi A6 C8,2018,,/model/audi/a6_c8.html
Audi,Audi A7 C7 (4G8),2010,2017,/model/audi/a7_1.html
Audi,Audi A7 C8 (4G9),2018,,/model/audi/a7_2.html
Audi,Audi A8 D2 (model 4D),1994,2003,/model/audi/a8_d2.html
Audi,Audi A8 D3 (model 4E),2002,2010,/model/audi/a8_d3.html
Audi,Audi A8 D4 (model 4H),2010,2017,/model/audi/a8_d4.html
Audi,Audi A8 D5,2017,,/model/audi/a8_d5.html
Audi,Audi Avus Concept,1991,1991,/model/audi/avus_prototype.html
Audi,"Audi Coupe B2 (model 81,85)",1980,1988,/model/audi/coupe_1gen.html
Audi,Audi Coupe-Cabriolet B3 (model 89),1988,2000,/model/audi/coupe_2gen.html
Audi,Audi E-Tron (model GE),2019,,/model/audi/e-tron.html
Audi,Audi E-Tron Sportback,2020,,/model/audi/e-tron-sportback.html
Audi,Audi Fox,1973,1979,/model/audi/fox.html
Audi,Audi Front UW,1933,1939,/model/audi/front_1933.html
Audi,Audi Q2 (model GA),2016,,/model/audi/q2.html
Audi,Audi Q3 1st generation (model 8U),2011,2018,/model/audi/q3.html
Audi,Audi Q3 2nd generation (model F3),2018,,/model/audi/q3_2.html
Audi,Audi Q3 Sportback,2019,,/model/audi/q3_sportback.html
Audi,Audi Q5 1st generation (model 8R),2008,2017,/model/audi/q5.html
Audi,Audi Q5 2nd generation (model FY),2017,,/model/audi/q5_2.html
Audi,Audi Q7 1st generation (model 4L),2005,2015,/model/audi/q7_4l.html
Audi,Audi Q7 2nd generation (model 4M),2015,,/model/audi/q7_2.html
Audi,Audi Q8 (model 4M),2018,,/model/audi/q8.html
Audi,Audi Quattro (model 85),1980,1991,/model/audi/quattro.html
Audi,Audi Quattro Spyder Concept,1991,1991,/model/audi/quattro_spyder_prototype.html
Audi,Audi R8 1st generation (model 42),2007,2015,/model/audi/r8_1.html
Audi,Audi R8 2nd generation (model 4S),2015,,/model/audi/r8_2.html
Audi,Audi TT 1st generation (model 8N),1998,2006,/model/audi/tt_gen_1.html
Audi,Audi TT 2nd generation (model 8J),2006,2014,/model/audi/tt_gen_2.html
Audi,Audi TT 3rd generation (model 8S),2014,,/model/audi/tt_gen_3.html
Audi,Audi V8 D1 (model 44),1988,1994,/model/audi/v8_audi.html
Chrysler (USA),Chrysler (USA) 200 1st generation,2011,2014,/model/chrysler/200_1.html
Chrysler (USA),Chrysler (USA) 200 2nd generation,2015,2017,/model/chrysler/200_2.html
Chrysler (USA),Chrysler (USA) 200C EV Concept,2009,2009,/model/chrysler/200c_ev.html
Chrysler (USA),Chrysler (USA) 300 1st generation,2004,2010,/model/chrysler/300_modern_classic.html
Chrysler (USA),Chrysler (USA) 300 2nd generation,2011,,/model/chrysler/300_modern_2gen.html
Chrysler (USA),Chrysler (USA) 300 Hemi C Concept,2000,2000,/model/chrysler/300_hemi_c.html
Chrysler (USA),Chrysler (USA) 300(A),1955,1955,/model/chrysler/300a.html
Chrysler (USA),Chrysler (USA) 300B,1956,1956,/model/chrysler/300b.html
Chrysler (USA),Chrysler (USA) 300C,1957,1957,/model/chrysler/300c.html
Chrysler (USA),Chrysler (USA) 300D,1958,1958,/model/chrysler/300d.html
Chrysler (USA),Chrysler (USA) 300E,1959,1959,/model/chrysler/300e.html
Chrysler (USA),Chrysler (USA) 300F,1960,1960,/model/chrysler/300f.html
Chrysler (USA),Chrysler (USA) 300G,1961,1961,/model/chrysler/300g.html
Chrysler (USA),Chrysler (USA) 300H,1962,1962,/model/chrysler/300h.html
Chrysler (USA),Chrysler (USA) 300J,1963,1963,/model/chrysler/300j.html
Chrysler (USA),Chrysler (USA) 300K,1964,1964,/model/chrysler/300k.html
Chrysler (USA),Chrysler (USA) 300L,1965,1965,/model/chrysler/300l.html
Chrysler (USA),Chrysler (USA) 300M,1998,2004,/model/chrysler/300m.html
Chrysler (USA),Chrysler (USA) Airflite Concept,2003,2003,/model/chrysler/airflite.html
Chrysler (USA),Chrysler (USA) Aspen,2007,2009,/model/chrysler/aspen_chrysler_1gen.html
Chrysler (USA),Chrysler (USA) Atlantic Concept,1995,1995,/model/chrysler/atlantic_concept.html
Chrysler (USA),Chrysler (USA) California Cruiser Concept,2002,2002,/model/chrysler/california_cruiser.html
Chrysler (USA),Chrysler (USA) CCV Composite Concept,1996,1996,/model/chrysler/ccv.html
Chrysler (USA),Chrysler (USA) Chronos Concept,1998,1998,/model/chrysler/chronos.html
Chrysler (USA),Chrysler (USA) Citadel Concept,1999,1999,/model/chrysler/citadel.html
Chrysler (USA),Chrysler (USA) Concorde 1st generation,1993,1997,/model/chrysler/full-size_chrysler_11gen.html
Chrysler (USA),Chrysler (USA) Concorde 2nd generation,1998,2004,/model/chrysler/full-size_chrysler_12gen.html
Chrysler (USA),Chrysler (USA) Conquest,1987,1988,/model/chrysler/conquest-chr.html
Chrysler (USA),Chrysler (USA) Cordoba 1st generation,1975,1979,/model/chrysler/cordoba_1gen.html
Chrysler (USA),Chrysler (USA) Cordoba 2nd generation,1980,1983,/model/chrysler/cordoba_2gen.html
Chrysler (USA),Chrysler (USA) Crossfire,2003,2008,/model/chrysler/crossfire.html
Chrysler (USA),Chrysler (USA) Crossfire Concept,2001,2001,/model/chrysler/crossfire_concept.html
Chrysler (USA),Chrysler (USA) Delta (Lancia),2011,2015,/model/chrysler/delta_1.html
Chrysler (USA),Chrysler (USA) E Class,1983,1984,/model/chrysler/e_class.html
Chrysler (USA),Chrysler (USA) ecoVoyager Concept,2008,2008,/model/chrysler/ecovoyager.html
Chrysler (USA),Chrysler (USA) ES (for export),1986,1990,/model/chrysler/es.html
Chrysler (USA),Chrysler (USA) Executive,1984,1986,/model/chrysler/executive.html
Chrysler (USA),Chrysler (USA) Falcon Concept,1956,1956,/model/chrysler/falcon_concept_chrysler.html
Chrysler (USA),Chrysler (USA) Firepower Concept,2005,2005,/model/chrysler/firepower_concept.html
Chrysler (USA),Chrysler (USA) Flight Sweep,1956,1956,/model/chrysler/flight_sweep.html
Chrysler (USA),"Chrysler (USA) Full-Size 1st generation (New Yorker, Royal, Saratoga, Windsor)",1946,1948,/model/chrysler/full-size_chrysler_1gen.html
Chrysler (USA),"Chrysler (USA) Full-Size 2nd generation (New Yorker, Royal, Saratoga, Windsor)",1949,1954,/model/chrysler/full-size_chrysler_2gen.html
Chrysler (USA),"Chrysler (USA) Full-Size 3rd generation (New Yorker, Saratoga, Windsor)",1955,1960,/model/chrysler/full-size_chrysler_3gen.html
Chrysler (USA),"Chrysler (USA) Full-Size 4th generation (300, New Yorker, Newport, Windsor)",1961,1964,/model/chrysler/full-size_chrysler_4gen.html
Chrysler (USA),"Chrysler (USA) Full-Size 5th generation (300, New Yorker, Newport)",1965,1968,/model/chrysler/full-size_chrysler_5gen.html
Chrysler (USA),"Chrysler (USA) Full-Size 6th generation (300, New Yorker, Newport, Town and Country)",1969,1973,/model/chrysler/full-size_chrysler_6gen.html
Chrysler (USA),"Chrysler (USA) Full-Size 7th generation (New Yorker, Newport, Town and Country)",1974,1978,/model/chrysler/full-size_chrysler_7gen.html
Chrysler (USA),"Chrysler (USA) Full-Size 8th generation (New Yorker, Newport)",1979,1981,/model/chrysler/full-size_chrysler_8gen.html
Chrysler (USA),Chrysler (USA) GS Turbo-Daytona (export),1987,1992,/model/chrysler/gs_turbo.html
Chrysler (USA),Chrysler (USA) Imperial 12th generation,1971,1973,/model/chrysler/imperial_12gen_chrysler.html
Chrysler (USA),Chrysler (USA) Imperial 13rd generation,1974,1975,/model/chrysler/imperial_13gen.html
Chrysler (USA),Chrysler (USA) Imperial 14th generation,1981,1983,/model/chrysler/imperial_14gen.html
Chrysler (USA),Chrysler (USA) Imperial 15th generation,1990,1993,/model/chrysler/imperial_15gen.html
Chrysler (USA),Chrysler (USA) Imperial 5th generation,1946,1948,/model/chrysler/imperial_generation_05.html
Chrysler (USA),Chrysler (USA) Imperial 6th generation,1949,1954,/model/chrysler/imperial_generation_06.html
Chrysler (USA),Chrysler (USA) Laser,1984,1986,/model/chrysler/laser_daytona.html
Chrysler (USA),Chrysler (USA) Le Baron 1st generation,1977,1981,/model/chrysler/le_baron_1gen.html
Chrysler (USA),Chrysler (USA) Le Baron 2nd generation,1982,1988,/model/chrysler/le_baron_2gen.html
Chrysler (USA),Chrysler (USA) Le Baron 3rd generation,1990,1994,/model/chrysler/le_baron_3gen.html
Chrysler (USA),Chrysler (USA) Le Baron Coupe/Convertble,1987,1995,/model/chrysler/le_baron_c.html
Chrysler (USA),Chrysler (USA) Le Baron GTS,1985,1989,/model/chrysler/le_baron_gts.html
Chrysler (USA),Chrysler (USA) LHS 1st generation,1994,1997,/model/chrysler/lhs_1gen.html
Chrysler (USA),Chrysler (USA) LHS 2nd generation,1999,2001,/model/chrysler/lhs_2gen.html
Chrysler (USA),Chrysler (USA) LHX Concept,1996,1996,/model/chrysler/lhx.html
Chrysler (USA),Chrysler (USA) ME Four-Twelve Concept,2004,2004,/model/chrysler/me_four_twelve.html
Chrysler (USA),Chrysler (USA) Neon 1st generation (export),1995,1999,/model/chrysler/neon_chrysler_1gen.html
Chrysler (USA),Chrysler (USA) Neon 2nd generation (export),1999,2004,/model/chrysler/neon_chrysler_2gen.html
Chrysler (USA),Chrysler (USA) New Yorker (cab forward),1994,1996,/model/chrysler/new_yorker_forward.html
Chrysler (USA),Chrysler (USA) New Yorker C-body,1988,1993,/model/chrysler/full-size_chrysler_10gen.html
Chrysler (USA),Chrysler (USA) New Yorker E-body,1983,1988,/model/chrysler/new_yorker_e_class.html
Chrysler (USA),Chrysler (USA) New Yorker-Fifth Avenue,1982,1989,/model/chrysler/full-size_chrysler_9gen.html
Chrysler (USA),Chrysler (USA) Pacifica 1st generation,2004,2008,/model/chrysler/pacifica_1gen.html
Chrysler (USA),Chrysler (USA) Pacifica 2nd generation,2017,,/model/chrysler/pacifica_2gen.html
Chrysler (USA),Chrysler (USA) Phaeton Concept,1997,1997,/model/chrysler/phaeton_concept.html
Chrysler (USA),Chrysler (USA) Portofino Concept,1987,1987,/model/chrysler/portofino_prototype.html
Chrysler (USA),Chrysler (USA) Prowler,2002,2002,/model/chrysler/prowler_2.html
Chrysler (USA),Chrysler (USA) PT Cruiser,2000,2010,/model/chrysler/pt_cruiser.html
Chrysler (USA),Chrysler (USA) Saratoga (export),1989,1994,/model/chrysler/saratoga.html
Chrysler (USA),Chrysler (USA) Sebring 2nd generation,2001,2006,/model/chrysler/sebring_2gen.html
Chrysler (USA),Chrysler (USA) Sebring 3rd generation,2007,2010,/model/chrysler/sebring_3gen.html
Chrysler (USA),Chrysler (USA) Sebring-Cirrus 1st generation,1995,2000,/model/chrysler/sebring_cirrus_1gen.html
Chrysler (USA),Chrysler (USA) Stratus (export),1995,2000,/model/chrysler/stratus_chrysler_1gen.html
Chrysler (USA),Chrysler (USA) TC By Maserati,1989,1991,/model/chrysler/tc_by_maserati.html
Chrysler (USA),Chrysler (USA) Thunderbolt Concept,1993,1993,/model/chrysler/thunderbolt.html
Chrysler (USA),Chrysler (USA) Town And Country Minivan 1st generation,1990,1990,/model/chrysler/town_and_country_minivan_1gen.html
Chrysler (USA),Chrysler (USA) Town And Country Minivan 2nd generation,1991,1995,/model/chrysler/town_and_country_minivan_2gen.html
Chrysler (USA),Chrysler (USA) Town And Country Minivan 3rd generation,1996,2000,/model/chrysler/town_and_country_minivan_3gen.html
Chrysler (USA),Chrysler (USA) Town And Country Minivan 4th generation,2001,2007,/model/chrysler/town_and_country_minivan_4gen.html
Chrysler (USA),Chrysler (USA) Town And Country Minivan 5th generation,2008,2016,/model/chrysler/town_and_country_minivan_5gen.html
Chrysler (USA),Chrysler (USA) Turbine Car,1963,1963,/model/chrysler/turbine_car.html
Chrysler (USA),Chrysler (USA) Viper 1st generation (SR),1993,1998,/model/chrysler/viper_1gen_chrysler.html
Chrysler (USA),Chrysler (USA) Vision (export),1992,1998,/model/chrysler/vision_chrysler_1gen.html
Chrysler (USA),Chrysler (USA) Voyager 1st generation (export),1987,1990,/model/chrysler/voyager_chrysler_1gen.html
Chrysler (USA),Chrysler (USA) Voyager 2nd generation (export),1990,1995,/model/chrysler/voyager_chrysler_2gen.html
Chrysler (USA),Chrysler (USA) Voyager 3rd generation,1996,2000,/model/chrysler/voyager_chrysler_3gen.html
Chrysler (USA),Chrysler (USA) Voyager 4th generation,2001,2007,/model/chrysler/voyager_chrysler_4gen.html
Chrysler (USA),Chrysler (USA) Voyager 5th generation (export),2007,2015,/model/chrysler/voyager_chrysler_5gen.html
Chrysler (USA),Chrysler (USA) Voyager 6th generation,2020,,/model/chrysler/voyager_chrysler_6gen.html
Chrysler (USA),Chrysler (USA) Ypsilon (Lancia),2011,2015,/model/chrysler/ypsilon_1.html
Honda,Honda 1300 Series 77-99-7-9,1969,1972,/model/honda/1300_series_77-99-7-9.html
Honda,Honda 145,1972,1974,/model/honda/145.html
Honda,Honda Accord 1st generation (SJ-SM),1976,1981,/model/honda/accord_1gen.html
Honda,Honda Accord 2nd generation (SY-SZ-AC-AD),1981,1985,/model/honda/accord_2gen.html
Honda,Honda Accord 3rd generation (CA1-CA6),1985,1989,/model/honda/accord_3gen.html
Honda,Honda Accord 4th generation (CB),1989,1994,/model/honda/accord_4gen.html
Honda,Honda Accord 5th generation Europe (CE),1993,1998,/model/honda/accord_5gen_europe.html
Honda,Honda Accord 5th generation Japan (CD),1993,1997,/model/honda/accord_5gen.html
Honda,Honda Accord 6th generation Europe,1998,2003,/model/honda/accord_6gen_europe.html
Honda,Honda Accord 6th generation Japan (CF-CH-CL),1997,2002,/model/honda/accord_6gen.html
Honda,Honda Accord 7th generation Japan-Europe (CL-CM),2002,2008,/model/honda/accord_7gen.html
Honda,Honda Accord 8th generation Japan-Europe (CU-CW),2008,2015,/model/honda/accord_8gen.html
Honda,Honda Accord 9th generation (CR),2013,2018,/model/honda/accord_9gen.html
Honda,Honda Acty 1st generation (TA-TB-TC-VD-VH),1977,1988,/model/honda/acty_1gen.html
Honda,Honda Airwave (GJ1-GJ2),2005,2010,/model/honda/airwave.html
Honda,Honda Ascot 1st generation,1989,1993,/model/honda/ascot_1gen.html
Honda,Honda Ascot 2nd generation,1993,1997,/model/honda/ascot_2gen.html
Honda,Honda Ascot Innova (CB3-CB4),1992,1996,/model/honda/ascot_innova.html
Honda,Honda Avancier (TA1-TA4),1999,2004,/model/honda/avancier.html
Honda,Honda Ballade 1st generation (SS-ST),1979,1983,/model/honda/ballade_1gen.html
Honda,Honda Ballade 2nd generation,1983,1987,/model/honda/ballade_2gen.html
Honda,Honda Beat (PP1),1991,1994,/model/honda/beat.html
Honda,Honda Capa (GA4),1998,2002,/model/honda/capa.html
Honda,Honda City 1st generation (AA),1981,1986,/model/honda/city_1gen.html
Honda,Honda City 2nd generation (GA1-GA2),1986,1994,/model/honda/city_2gen.html
Honda,Honda City 3rd generation  (EF-EK),1996,2003,/model/honda/city_3gen.html
Honda,Honda City 4th generation (GD),2002,2008,/model/honda/city_4gen.html
Honda,Honda City 5th generation (GM2),2008,2013,/model/honda/city_5gen.html
Honda,Honda Civic 1st generation (SB-SE-SG),1972,1979,/model/honda/civic_1gen.html
Honda,Honda Civic 2nd generation (SL-SR-SS-ST),1979,1983,/model/honda/civic_2gen.html
Honda,Honda Civic 3rd generation (AG-AH-AK-AL-AT),1983,1987,/model/honda/civic_3gen.html
Honda,Honda Civic 4th generation (EC-ED-EE-EF),1987,1995,/model/honda/civic_4gen.html
Honda,Honda Civic 5th generation (EG-EH-EJ-MA-MB),1991,1997,/model/honda/civic_5gen.html
Honda,Honda Civic 6th generation (EK-EJ-EM-MB-MC),1995,2001,/model/honda/civic_6gen.html
Honda,Honda Civic 7th generation (EU-ES-EP-EM-EV),2000,2005,/model/honda/civic_7gen.html
Honda,Honda Civic 8th generation (FN-FD-FG-FA-FK),2005,2011,/model/honda/civic_8gen.html
Honda,Honda Civic 9th generation,2011,2016,/model/honda/civic_9gen.html
Honda,Honda Civic 10th generation,2017,,/model/honda/civic_10gen.html
Honda,Honda Clarity 3rd generation,2018,,/model/honda/clarity_3.html
Honda,Honda Concerto (MA-HW),1988,1994,/model/honda/concerto.html
Honda,Honda CR-V 1st generation (RD1-RD3),1995,2001,/model/honda/cr-v_1gen.html
Honda,Honda CR-V 2nd generation (RD4-RD9),2001,2006,/model/honda/cr-v_2gen.html
Honda,Honda CR-V 3rd generation (RE),2006,2012,/model/honda/cr-v_3gen.html
Honda,Honda CR-V 4th generation,2011,2018,/model/honda/cr-v_4gen.html
Honda,Honda CR-V 5th generation,2018,,/model/honda/cr-v_5gen.html
Honda,Honda CR-Z,2010,2016,/model/honda/cr-z.html
Honda,Honda Crossroad 1st generation (Land Rover),1993,1998,/model/honda/crossroad_1gen.html
Honda,Honda Crossroad 2nd generation (RT1-RT4),2007,2010,/model/honda/crossroad_2gen.html
Honda,Honda CRX 1st generation (AE-AF),1983,1987,/model/honda/crx_1gen.html
Honda,Honda CRX 2nd generation (EF),1987,1992,/model/honda/crx_2gen.html
Honda,Honda CRX 3rd generation (Del Sol) (EG-EH),1992,1998,/model/honda/crx_3gen.html
Honda,Honda Domani 1st generation (MA4-MA7),1991,1997,/model/honda/domani_1gen.html
Honda,Honda Domani 2nd generation (MB3-MB5),1997,2000,/model/honda/domani_2gen.html
Honda,Honda e,2020,,/model/honda/e.html
Honda,Honda Edix (BE),2004,2008,/model/honda/edix.html
Honda,Honda Element (YH2),2003,2005,/model/honda/element_1gen.html
Honda,Honda Elysion (RR1-RR6),2004,2013,/model/honda/elysion_1gen.html
Honda,Honda Fit 1st generation (GD1-GD5),2001,2008,/model/honda/fit_1gen.html
Honda,Honda Fit 2nd generation (GE),2007,2016,/model/honda/fit_2gen.html
Honda,Honda Fit 3rd generation (GK-GP),2013,2019,/model/honda/fit_3gen.html
Honda,Honda Fit Aria (GD6-GD9),2002,2007,/model/honda/fit_aria.html
Honda,Honda Fit Shuttle,2011,2015,/model/honda/fit_shuttle.html
Honda,Honda FR-V,2004,2009,/model/honda/fr-v.html
Honda,Honda Freed 1st generation (GB3-GB4),2008,2016,/model/honda/freed.html
Honda,Honda Freed 2nd generation (GB5-GB8),2016,,/model/honda/freed_2gen.html
Honda,Honda Grace (GM4-GM9),2014,2020,/model/honda/grace.html
Honda,Honda Horizon 4WD,1994,1999,/model/honda/horizon_4wd.html
Honda,Honda HR-V 1st generation (GH1-GH4),1998,2006,/model/honda/hr-v.html
Honda,Honda HR-V 2nd generation (export),2015,,/model/honda/hr-v-2.html
Honda,Honda Insight 1st generation (ZE1),1999,2006,/model/honda/insight_1gen.html
Honda,Honda Insight 2nd generation (ZE2-ZE3),2009,2014,/model/honda/insight_2gen.html
Honda,Honda Inspire 1st generation (CB5-CC2-CC3),1989,1995,/model/honda/inspire_1gen.html
Honda,Honda Inspire 2nd generation (UA1-UA3),1995,1998,/model/honda/inspire_2gen.html
Honda,Honda Inspire 3rd generation (UA4-UA5),1998,2003,/model/honda/inspire_3gen.html
Honda,Honda Inspire 4th generation (UC1),2003,2007,/model/honda/inspire_4gen.html
Honda,Honda Inspire 5th generation (CP3),2007,2012,/model/honda/inspire_5gen.html
Honda,Honda Integra 1st generation (Quint AV-DA1-DA2),1985,1989,/model/honda/integra_1gen.html
Honda,Honda Integra 2nd generation (DA5-DA9),1989,1993,/model/honda/integra_2gen.html
Honda,Honda Integra 3rd generation (DC-DB),1993,2001,/model/honda/integra_3gen.html
Honda,Honda Integra 4th generation (DC5),2001,2006,/model/honda/integra_4gen.html
Honda,Honda Integra SJ (EK3),1996,2001,/model/honda/integra_sj.html
Honda,Honda Jade (FR4),2015,2020,/model/honda/jade.html
Honda,Honda Jazz 1st generation (export) (AA),1984,1986,/model/honda/jazz_1gen.html
Honda,Honda Jazz 2nd generation (export) (GD1-GD6-GE3),2002,2007,/model/honda/jazz_2gen.html
Honda,Honda Jazz 3rd generation (export) (GE),2008,2014,/model/honda/jazz_3gen.html
Honda,Honda Jazz 4th generation (export),2015,2020,/model/honda/jazz_4gen.html
Honda,Honda Jazz 4WD,1993,1995,/model/honda/jazz_4wd.html
Honda,Honda Jazz 5th generation (export),2020,,/model/honda/jazz_5gen.html
Honda,Honda Lagreat (RL1),1999,2004,/model/honda/lagreat.html
Honda,Honda Legend 1st generation (KA1-KA6),1985,1991,/model/honda/legend_1gen.html
Honda,Honda Legend 2nd generation (KA7-KA8),1990,1996,/model/honda/legend_2gen.html
Honda,Honda Legend 3rd generation (KA9),1996,2004,/model/honda/legend_3gen.html
Honda,Honda Legend 4th generation (KB1-KB2),2004,2013,/model/honda/legend_4gen.html
Honda,Honda Legend 5th generation (KC2),2015,,/model/honda/legend_5gen.html
Honda,Honda Life 1st generation,1971,1974,/model/honda/life_1gen.html
Honda,Honda Life 2nd generation (JA4),1997,1998,/model/honda/life_2gen.html
Honda,Honda Life 3rd generation (JB1-JB2),1998,2003,/model/honda/life_3gen.html
Honda,Honda Life 4th generation (JB5-JB8),2003,2008,/model/honda/life_4gen.html
Honda,Honda Life 5th generation (JC1-JC2),2008,2014,/model/honda/life_5gen.html
Honda,Honda Life Dunk (JB3),2000,2004,/model/honda/life_dunk.html
Honda,Honda Logo (GA3-GA5),1996,2001,/model/honda/logo.html
Honda,Honda MDX (YD1),2003,2006,/model/honda/mdx_honda.html
Honda,Honda Mobilio (GB1-GB2),2001,2008,/model/honda/mobilio.html
Honda,Honda Mobilio Spike (GK1-GK2),2002,2008,/model/honda/mobilio_spike.html
Honda,Honda N-BOX 1st generation (JF1-JF2),2011,2017,/model/honda/n-box.html
Honda,Honda N-BOX 2nd generation (JF3-JF4),2017,,/model/honda/n-box-2.html
Honda,Honda N-BOX SLASH (JF1-JF2),2014,2020,/model/honda/n-box-slash.html
Honda,Honda N-ONE,2012,2020,/model/honda/n-one.html
Honda,Honda N-Series,1967,1973,/model/honda/n-series.html
Honda,Honda N-VAN (JJ1-JJ2),2018,,/model/honda/n-van.html
Honda,Honda N-WGN 1st generation (JH1-JH2),2013,2019,/model/honda/n-wgn.html
Honda,Honda NSX 1st generation (NA1-NA2),1990,2005,/model/honda/nsx.html
Honda,Honda NSX 2nd generation,2017,,/model/honda/nsx_2gen.html
Honda,Honda Odyssey Japan 1st generation (RA1-RA5),1994,1999,/model/honda/odyssey_japan_1gen.html
Honda,Honda Odyssey Japan 2nd generation (RA6-RA9),1999,2003,/model/honda/odyssey_japan_2gen.html
Honda,Honda Odyssey Japan 3rd generation (RB1-RB2),2003,2008,/model/honda/odyssey_japan_3gen.html
Honda,Honda Odyssey Japan 4th generation (RB3-RB4),2008,2013,/model/honda/odyssey_japan_4gen.html
Honda,Honda Odyssey Japan 5th generation (RC),2013,,/model/honda/odyssey_japan_5gen.html
Infiniti,Infiniti EX (J50-series),2008,2013,/model/infiniti/ex.html
Honda,Honda Orthia (EL1-EL3),1996,2002,/model/honda/orthia.html
Honda,Honda Partner 1st generation (EY6-EY8),1996,2005,/model/honda/partner_1gen.html
Honda,Honda Partner 2nd generation (GJ3-GJ4),2006,2010,/model/honda/partner_2gen.html
Honda,Honda Prelude 1st generation (SN),1978,1982,/model/honda/prelude_1gen.html
Honda,Honda Prelude 2nd generation (AB-BA),1982,1987,/model/honda/prelude_2gen.html
Honda,Honda Prelude 3rd generation (BA3-BA7),1987,1991,/model/honda/prelude_3gen.html
Honda,Honda Prelude 4th generation (BA8-BA9-BB1-BB4),1991,1996,/model/honda/prelude_4gen.html
Honda,Honda Prelude 5th generation (BB5-BB9),1996,2001,/model/honda/prelude_5gen.html
Honda,Honda Quint 1st generation (Quintet) (SU),1980,1985,/model/honda/quint_1gen.html
Honda,Honda Rafaga (CE),1993,1997,/model/honda/rafaga.html
Honda,Honda S-MX (RH1-RH2),1996,2001,/model/honda/s-mx.html
Honda,Honda S-Series,1962,1970,/model/honda/s-series.html
Honda,Honda S2000 (AP1-AP2),1999,2009,/model/honda/s2000.html
Honda,Honda S660 (JW5),2015,,/model/honda/s660.html
Honda,Honda Saber 1st generation (UA1-UA3),1995,1998,/model/honda/saber_1gen.html
Honda,Honda Saber 2nd generation (UA4-UA5),1998,2003,/model/honda/saber_2gen.html
Honda,Honda Shuttle 3rd generation,1995,2000,/model/honda/shuttle_3gen.html
Honda,Honda Shuttle 4th generation,2015,,/model/honda/shuttle_4gen.html
Honda,Honda Stepwgn 1st generation (RF1-RF2),1996,2001,/model/honda/stepwgn_1gen.html
Honda,Honda Stepwgn 2nd generation (RF3-RF7),2001,2005,/model/honda/stepwgn_2gen.html
Infiniti,Infiniti FX (S50-series),2003,2008,/model/infiniti/fx_s50.html
Infiniti,Infiniti FX (S51-series),2009,2013,/model/infiniti/fx_s51.html
Infiniti,Infiniti G (V35-series),2003,2007,/model/infiniti/g_v35.html
Infiniti,Infiniti G (V36-series),2007,2013,/model/infiniti/g_v36.html
Infiniti,Infiniti G20 1st generation (P10-series),1991,1996,/model/infiniti/g20_1gen.html
Infiniti,Infiniti G20 2nd generation (P11-series),1999,2002,/model/infiniti/g20_2gen.html
Infiniti,Infiniti I30 1st generation (A32-series),1996,1999,/model/infiniti/i30_a32.html
Infiniti,Infiniti I30-I35 2nd generation (A33-series),2000,2004,/model/infiniti/i30_a33.html
Infiniti,Infiniti J30 (Y32-series),1993,1997,/model/infiniti/j30.html
Infiniti,Infiniti JX35 (L50-series),2013,2013,/model/infiniti/jx35.html
Infiniti,Infiniti M (Y50-series),2006,2010,/model/infiniti/m_y50.html
Infiniti,Infiniti M (Y51-series),2010,2013,/model/infiniti/m_y51.html
Infiniti,Infiniti M30 (F31-series),1990,1992,/model/infiniti/m30.html
Infiniti,Infiniti M45 (Y34-series),2003,2004,/model/infiniti/m45.html
Honda,Honda Stepwgn 3rd generation (RG1-RG4),2005,2009,/model/honda/stepwgn_3gen.html
Honda,Honda Stepwgn 4th generation (RK1-RK7),2009,2015,/model/honda/stepwgn_4gen.html
Honda,Honda Stepwgn 5th generation (RP1-RP5),2015,,/model/honda/stepwgn_5gen.html
Honda,Honda Stream 1st generation (RN1-RN5),2000,2007,/model/honda/stream_1gen.html
Honda,Honda Stream 2nd generation (RN6-RN8),2006,2014,/model/honda/stream_2gen.html
Honda,Honda Thats,2002,2007,/model/honda/thats.html
Honda,Honda Today 1st generation (JW1-JW4-JA1-JA3),1985,1993,/model/honda/today_1gen.html
Honda,Honda Today 2nd generation (JA4-JA5),1993,1998,/model/honda/today_2gen.html
Honda,Honda Torneo,1997,2002,/model/honda/torneo.html
Honda,Honda Vamos 1st generation,1970,1973,/model/honda/vamos.html
Honda,Honda Vamos 2nd generation (HM1-HM2),1999,2018,/model/honda/vamos_2gen.html
Honda,Honda Vezel,2014,,/model/honda/vezel.html
Honda,Honda Vigor 1st generation (SZ),1981,1985,/model/honda/vigor_1gen.html
Honda,Honda Vigor 2nd generation (CA1-CA3),1985,1989,/model/honda/vigor_2gen.html
Honda,Honda Vigor 3rd generation (CB5-CC2-CC3),1989,1995,/model/honda/vigor_3gen.html
Honda,Honda Z-Series 1st generation,1970,1973,/model/honda/z-series_1gen.html
Infiniti,Infiniti Q30,2016,2019,/model/infiniti/q30.html
Infiniti,Infiniti Q40 (V36-series),2015,2015,/model/infiniti/q40.html
Infiniti,Infiniti Q45 1st generation (G50-series),1989,1997,/model/infiniti/q45_1gen.html
Infiniti,Infiniti Q45 2nd generation (Y33-series),1997,2001,/model/infiniti/q45_2gen.html
Infiniti,Infiniti Q45 3rd generation (F50-series),2002,2006,/model/infiniti/q45_3gen.html
Infiniti,Infiniti Q50 (V37-series),2014,,/model/infiniti/q50.html
Infiniti,Infiniti Q60 1st generation (V36-series),2013,2016,/model/infiniti/q60.html
Infiniti,Infiniti Q60 2nd generation (V37-series),2016,,/model/infiniti/q60_2gen.html
Infiniti,Infiniti Q70 (Y51-series),2014,2019,/model/infiniti/q70_y51.html
Infiniti,Infiniti Q70L (Y51-series),2015,2019,/model/infiniti/q70l_y51.html
Infiniti,Infiniti QX30,2016,2019,/model/infiniti/qx30.html
Infiniti,Infiniti QX4 (JR50-series),1997,2003,/model/infiniti/qx4.html
Infiniti,Infiniti QX50 1st generation (J50-series),2014,2015,/model/infiniti/qx50_1gen.html
Infiniti,Infiniti QX50 2nd generation (P71A-series),2019,,/model/infiniti/qx50_2gen.html
Honda,Honda Z-Series 2nd generation (SA),1972,1975,/model/honda/z-series_2gen.html
Honda,Honda Z-Series 3rd generation (PA1),1998,2002,/model/honda/z-series_3gen.html
Honda,Honda Zest (JE1-JE2),2006,2012,/model/honda/zest.html
Infiniti,Infiniti QX56 1st generation (JA60-series),2004,2010,/model/infiniti/qx56_1gen.html
Infiniti,Infiniti QX56 2nd generation (Z62-series),2011,2013,/model/infiniti/qx56_2gen.html
Infiniti,Infiniti QX60 (L50-series),2014,,/model/infiniti/qx60.html
Infiniti,Infiniti QX70 (S51-series),2014,2017,/model/infiniti/qx70.html
Infiniti,Infiniti QX80 (Y62-series),2014,,/model/infiniti/qx80.html
Daewoo,Daewoo Arcadia,1994,1998,/model/daewoo/arcadia.html
Daewoo,Daewoo Espero,1990,1997,/model/daewoo/espero.html
Daewoo,Daewoo Gentra (T250),2005,2010,/model/daewoo/t250.html
Daewoo,Daewoo Imperial,1989,1993,/model/daewoo/imperial-d.html
Daewoo,Daewoo Kalos (T200),2002,2007,/model/daewoo/t200.html
Daewoo,Daewoo Lacetti Premiere (J300),2008,2010,/model/daewoo/lacetti_premiere.html
Daewoo,Daewoo Lacetti-Nubira 2nd generation (J200),2002,2009,/model/daewoo/lacetti_nubira_2gen.html
Daewoo,Daewoo Lanos (T100-T150),1997,2002,/model/daewoo/lanos.html
